Workbook

Sheet Cover
A1: Prison Population: as at 31 March 2024
A2: Publication details
A3: These tables are published as part of the 'Offender Management Statistics Quarterly' publication by the Ministry of Justice.
A4: Link to 'Offender Management Statistics Quarterly' (opens in a new window)
A5: Definitions and measurements
A6: Further details of the terminology used to report prison population statistics can be found in the definitions section for population in the 'Guide to Offender Management Statistics' published alongside these tables.
A7: Geographic coverage
A8: All tables are for England and Wales.
A9: Data sources
A10: The majority of the figures in these tables are drawn from the Prison National Offender Management Information System (Prison NOMIS). Any additional data sources are listed above the relevant tables.
A11: Data quality
A12: The figures in these tables have been drawn from administrative IT systems which, as with any large scale recording system, are subject to possible errors with data entry and processing. Data quality improvement work in 2023 to 2024 may have resulted in small changes to previously published figures.
... A39: Crown copyright Produced by the Ministry of Justice

Sheet Contents
A1: Contents
A2: This worksheet contains one table.
A3: Sheet Name | B3: Sheet Title
A4: =HYPERLINK("#'Notes'!A1", "Notes") | B4: Notes
A5: =HYPERLINK("#'Table 1'!A1", "Table 1") | B5: ='Table 1'!A$1
A6: =HYPERLINK("#'Table 2'!A1", "Table 2") | B6: ='Table 2'!A$1
A7: =HYPERLINK("#'Table 3'!A1", "Table 3") | B7: ='Table 3'!A$1
A8: =HYPERLINK("#'Table 4'!A1", "Table 4") | B8: ='Table 4'!A$1
A9: =HYPERLINK("#'Table 5'!A1", "Table 5") | B9: ='Table 5'!A$1
A10: =HYPERLINK("#'Table 6'!A1", "Table 6") | B10: ='Table 6'!A$1
A11: =HYPERLINK("#'Table 7'!A1", "Table 7") | B11: ='Table 7'!A$1
A12: =HYPERLINK("#'Table 8'!A1", "Table 8") | B12: ='Table 8'!A$1
A13: =HYPERLINK("#'Table 9'!A1", "Table 9") | B13: ='Table 9'!A$1
A14: =HYPERLINK("#'Table 10'!A1", "Table 10") | B14: ='Table 10'!A$1
A15: =HYPERLINK("#'Table 11'!A1", "Table 11") | B15: ='Table 11'!A$1
A16: =HYPERLINK("#'Table 12'!A1", "Table 12") | B16: ='Table 12'!A$1

Sheet Notes
A1: Notes
A2: This worksheet contains one table.
A3: =HYPERLINK("#'Contents'!A1", "Link to Contents tab")
A4: Note | B4: Description
A5: [note 1] | B5: HDC recalls refer to recalls during home detention curfew period
A6: [note 2] | B6: In June 2021, CRCs were transferred into Probation Service.
A7: [note 3] | B7: There is an emergency process for all indeterminate recalls.
A8: [note 4] | B8: Offenders are returned in target time if the end-to-end process takes less than 74 hours for emergency process recalls and less than 144 hours (6 days) for standard process recalls.
A9: [note 5] | B9: The figures for Secure Children's Homes and Secure Training Centres may not match the monthly custody figures within the 'Youth custody data' publication (link on the cover page). This is due to different methodologies and snapshot dates.

Sheet Table 1
A1: Table 1: Time series: number of recalls, returns to custody and offenders not returned to custody, England and Wales
A2: This worksheet contains one table.
A3: Link to Contents tab
A4: Source: Public Protection Unit Database (PPUD)
A5: Summary item | B5: Recall period Oct to Dec 2022 status on 31 Mar 2023 | C5: Recall period Jan to Mar 2023 status on 30 Jun 2023 | D5: Recall period Apr to Jun 2023 status on 30 Sep 2023 | E5: Recall period Jul to Sep 2023 status on 31 Dec 2023 | F5: Recall period Oct to Dec 2023 status on 31 Mar 2024
A6: Total recalls from April 1999 to end of recall period | B6: 372298 | C6: 379122 | D6: 385936 | E6: 392966 | F6: 400118
A7: Total recalls in recall period | B7: 6092 | C7: 6824 | D7: 6814 | E7: 7030 | F7: 7152
A8: Total returns to custody from April 1999 to status date | B8: 370080 | C8: 376853 | D8: 383634 | E8: 390605 | F8: 397717
A9: Percentage returned of recalls since April 1999 | B9: 0.99404241 | C9: 0.99401512 | D9: 0.99403528 | E9: 0.99399185 | F9: 0.99399927
A10: Returns from start of recall period to status date | B10: 6081 | C10: 6773 | D10: 6781 | E10: 6971 | F10: 7112
A11: Returns from start of recall period to status date after recall in recall period | B11: 5842 | C11: 6549 | D11: 6552 | E11: 6747 | F11: 6870
A12: Returns from start of recall period to status date after recall before recall period | B12: 239 | C12: 224 | D12: 229 | E12: 224 | F12: 242
A13: Offenders not returned from April 1999 to status date | B13: 2218 | C13: 2269 | D13: 2302 | E13: 2361 | F13: 2401
A14: Percentage not returned of recalls since April 1999 | B14: 0.0059575931 | C14: 0.0059848809 | D14: 0.0059647195 | E14: 0.0060081534 | F14: 0.0060007298
A15: Offenders not returned from 1984 to status date | B15: 2234 | C15: 2284 | D15: 2317 | E15: 2376 | F15: 2416
A16: Offenders not returned after recall before April 1999 | B16: 16 | C16: 15 | D16: 15 | E16: 15 | F16: 15

Sheet Table 2
A1: Table 2: Time series: number of recalls from licence, by sex, sentence type, and recall category, England and Wales [note 1]
A2: This worksheet contains one table.
A3: Link to Contents tab
A4: Source: Public Protection Unit Database (PPUD)
A5: Sex | B5: Sentence type | C5: Recall category | D5: Jan to Mar 2023 | E5: Apr to Jun 2023 | F5: Jul to Sep 2023 | G5: Oct to Dec 2023 | H5: Jan to Mar 2024
A6: Male and female | B6: All sentence types | C6: All recalls | D6: 6824 | E6: 6814 | F6: 7030 | G6: 7152 | H6: 7415
A7: Male and female | B7: All sentence types | C7: Non-HDC | D7: 6525 | E7: 6460 | F7: 6645 | G7: 6753 | H7: 7036
A8: Male and female | B8: All sentence types | C8: HDC | D8: 299 | E8: 354 | F8: 385 | G8: 399 | H8: 379
A9: Male and female | B9: Determinate less than 12 months | C9: All recalls | D9: 2691 | E9: 2733 | F9: 2881 | G9: 3025 | H9: 3218
A10: Male and female | B10: Determinate less than 12 months | C10: Non-HDC | D10: 2667 | E10: 2709 | F10: 2854 | G10: 3004 | H10: 3204
A11: Male and female | B11: Determinate less than 12 months | C11: HDC | D11: 24 | E11: 24 | F11: 27 | G11: 21 | H11: 14
A12: Male and female | B12: Determinate 12 months or more | C12: All recalls | D12: 3849 | E12: 3810 | F12: 3891 | G12: 3908 | H12: 3986
A13: Male and female | B13: Determinate 12 months or more | C13: Non-HDC | D13: 3574 | E13: 3480 | F13: 3533 | G13: 3530 | H13: 3621
A14: Male and female | B14: Determinate 12 months or more | C14: HDC | D14: 275 | E14: 330 | F14: 358 | G14: 378 | H14: 365
A15: Male and female | B15: IPP | C15: All recalls | D15: 181 | E15: 168 | F15: 175 | G15: 134 | H15: 144
A16: Male and female | B16: IPP | C16: Non-HDC | D16: 181 | E16: 168 | F16: 175 | G16: 134 | H16: 144
A17: Male and female | B17: IPP | C17: HDC | D17: 0 | E17: 0 | F17: 0 | G17: 0 | H17: 0
... A50: Female | B50: Life sentence | C50: HDC | D50: 0 | E50: 0 | F50: 0 | G50: 0 | H50: 0

Sheet Table 3
A1: Table 3: Time series: number of recalls from licence, by supervising body and recall category, England and Wales [note 1][note 2][note 3]
A2: This worksheet contains one table.
A3: Link to Contents tab
A4: Source: Public Protection Unit Database (PPUD)
A5: Probation region | B5: Recall category | C5: Jan to Mar 2023 | D5: Apr to Jun 2023 | E5: Jul to Sep 2023 | F5: Oct to Dec 2023 | G5: Jan to Mar 2024
A6: All regions | B6: All recalls | C6: 6824 | D6: 6814 | E6: 7030 | F6: 7152 | G6: 7415
A7: All regions | B7: Non-HDC | C7: 6525 | D7: 6460 | E7: 6645 | F7: 6753 | G7: 7036
A8: All regions | B8: HDC | C8: 299 | D8: 354 | E8: 385 | F8: 399 | G8: 379
A9: East Midlands | B9: All recalls | C9: 519 | D9: 487 | E9: 541 | F9: 554 | G9: 615
A10: East Midlands | B10: Non-HDC | C10: 499 | D10: 460 | E10: 509 | F10: 530 | G10: 585
A11: East Midlands | B11: HDC | C11: 20 | D11: 27 | E11: 32 | F11: 24 | G11: 30
A12: East of England | B12: All recalls | C12: 564 | D12: 558 | E12: 627 | F12: 585 | G12: 641
A13: East of England | B13: Non-HDC | C13: 548 | D13: 537 | E13: 595 | F13: 550 | G13: 616
A14: East of England | B14: HDC | C14: 16 | D14: 21 | E14: 32 | F14: 35 | G14: 25
A15: Greater Manchester | B15: All recalls | C15: 568 | D15: 541 | E15: 564 | F15: 585 | G15: 581
A16: Greater Manchester | B16: Non-HDC | C16: 544 | D16: 523 | E16: 529 | F16: 562 | G16: 564
A17: Greater Manchester | B17: HDC | C17: 24 | D17: 18 | E17: 35 | F17: 23 | G17: 17
... A50: Unassigned | B50: HDC | C50: 0 | D50: 0 | E50: 0 | F50: 0 | G50: 0

Sheet Table 4
A1: Table 4: Time series: number of returns to custody after licence recall, by sex and sentence, England and Wales
A2: This worksheet contains one table.
A3: Link to Contents tab
A4: Source: Public Protection Unit Database (PPUD)
A5: Sex | B5: Sentence type | C5: Recalled in Jan to Mar 2023 returned by 30 Jun 2023 | D5: Recalled in Apr to Jun 2023 returned by 30 Sep 2023 | E5: Recalled in Jul to Sep 2023 returned by 31 Dec 2023 | F5: Recalled in Oct to Dec 2023 returned by 31 Mar 2024 | G5: Recalled in Jan to Mar 2024 returned by 30 Jun 2024
A6: Male and female | B6: All sentence types | C6: 6549 | D6: 6552 | E6: 6747 | F6: 6870 | G6: 7101
A7: Male and female | B7: Determinate less than 12 months | C7: 2605 | D7: 2664 | E7: 2782 | F7: 2926 | G7: 3130
A8: Male and female | B8: Determinate 12 months or more | C8: 3669 | D8: 3629 | E8: 3710 | F8: 3733 | G8: 3770
A9: Male and female | B9: IPP | C9: 174 | D9: 158 | E9: 173 | F9: 128 | G9: 135
A10: Male and female | B10: Life sentence | C10: 101 | D10: 101 | E10: 82 | F10: 83 | G10: 66
A11: Male | B11: All sentence types | C11: 6107 | D11: 6091 | E11: 6232 | F11: 6319 | G11: 6565
A12: Male | B12: Determinate less than 12 months | C12: 2362 | D12: 2399 | E12: 2486 | F12: 2627 | G12: 2819
A13: Male | B13: Determinate 12 months or more | C13: 3474 | D13: 3439 | E13: 3496 | F13: 3492 | G13: 3550
A14: Male | B14: IPP | C14: 170 | D14: 154 | E14: 169 | F14: 121 | G14: 132
A15: Male | B15: Life sentence | C15: 101 | D15: 99 | E15: 81 | F15: 79 | G15: 64
A16: Female | B16: All sentence types | C16: 442 | D16: 461 | E16: 515 | F16: 551 | G16: 536
A17: Female | B17: Determinate less than 12 months | C17: 243 | D17: 265 | E17: 296 | F17: 299 | G17: 311
... A20: Female | B20: Life sentence | C20: 0 | D20: 2 | E20: 1 | F20: 4 | G20: 2

Sheet Table 5
A1: Table 5: Time series: number of offenders not returned to custody after licence recall, by sex and sentence, England and Wales [note 2]
A2: This worksheet contains one table.
A3: Link to Contents tab
A4: Source: Public Protection Unit Database (PPUD)
A5: Sex | B5: Sentence type | C5: Recalled in Jan to Mar 2023 not returned by 30 Jun 2023 | D5: Recalled in Apr to Jun 2023 not returned by 30 Sep 2023 | E5: Recalled in Jul to Sep 2023 not returned by 31 Dec 2023 | F5: Recalled in Oct to Dec 2023 not returned by 31 Mar 2024 | G5: Recalled in Jan to Mar 2024 not returned by 30 Jun 2024
A6: Male and female | B6: All sentence types | C6: 275 | D6: 262 | E6: 283 | F6: 282 | G6: 314
A7: Male and female | B7: Determinate less than 12 months | C7: 86 | D7: 69 | E7: 99 | F7: 99 | G7: 88
A8: Male and female | B8: Determinate 12 months or more | C8: 180 | D8: 181 | E8: 181 | F8: 175 | G8: 216
A9: Male and female | B9: IPP | C9: 7 | D9: 10 | E9: 2 | F9: 6 | G9: 9
A10: Male and female | B10: Life sentence | C10: 2 | D10: 2 | E10: 1 | F10: 2 | G10: 1
A11: Male | B11: All sentence types | C11: 255 | D11: 246 | E11: 257 | F11: 254 | G11: 287
A12: Male | B12: Determinate less than 12 months | C12: 82 | D12: 63 | E12: 86 | F12: 82 | G12: 82
A13: Male | B13: Determinate 12 months or more | C13: 164 | D13: 171 | E13: 168 | F13: 164 | G13: 195
A14: Male | B14: IPP | C14: 7 | D14: 10 | E14: 2 | F14: 6 | G14: 9
A15: Male | B15: Life sentence | C15: 2 | D15: 2 | E15: 1 | F15: 2 | G15: 1
A16: Female | B16: All sentence types | C16: 20 | D16: 16 | E16: 26 | F16: 28 | G16: 27
A17: Female | B17: Determinate less than 12 months | C17: 4 | D17: 6 | E17: 13 | F17: 17 | G17: 6
... A20: Female | B20: Life sentence | C20: 0 | D20: 0 | E20: 0 | F20: 0 | G20: 0

Sheet Table 6
A1: Table 6: Time series: Table 5.6: Number of recalls from licence by recall process and return to custody status, England and Wales [note 4][note 5]
A2: This worksheet contains one table.
A3: Link to Contents tab
A4: Source: Public Protection Unit Database (PPUD)
A5: Recall process | B5: Return status | C5: Recalled in Jan to Mar 2023 returned by 30 Jun 2023 | D5: Recalled in Apr to Jun 2023 returned by 30 Sep 2023 | E5: Recalled in Jul to Sep 2023 returned by 31 Dec 2023 | F5: Recalled in Oct to Dec 2023 returned by 31 Mar 2024 | G5: Recalled in Jan to Mar 2024 returned by 30 Jun 2024
A6: All recall processes | B6: All return statuses | C6: 6824 | D6: 6814 | E6: 7030 | F6: 7152 | G6: 7415
A7: All recall processes | B7: Returned in target | C7: 4333 | D7: 4093 | E7: 4182 | F7: 4263 | G7: 4516
A8: All recall processes | B8: Returned outside target | C8: 2216 | D8: 2459 | E8: 2565 | F8: 2607 | G8: 2585
A9: All recall processes | B9: Not returned | C9: 275 | D9: 262 | E9: 283 | F9: 282 | G9: 314
A10: Determinate Standard | B10: All return statuses | C10: 5249 | D10: 5158 | E10: 5404 | F10: 5532 | G10: 5750
A11: Determinate Standard | B11: Returned in target | C11: 3327 | D11: 3036 | E11: 3183 | F11: 3274 | G11: 3507
A12: Determinate Standard | B12: Returned outside target | C12: 1693 | D12: 1901 | E12: 1980 | F12: 2022 | G12: 1974
A13: Determinate Standard | B13: Not returned | C13: 229 | D13: 221 | E13: 241 | F13: 236 | G13: 269
A14: Determinate Emergency | B14: All return statuses | C14: 1291 | D14: 1385 | E14: 1368 | F14: 1401 | G14: 1454
A15: Determinate Emergency | B15: Returned in target | C15: 808 | D15: 862 | E15: 821 | F15: 835 | G15: 869
A16: Determinate Emergency | B16: Returned outside target | C16: 446 | D16: 494 | E16: 508 | F16: 528 | G16: 550
A17: Determinate Emergency | B17: Not returned | C17: 37 | D17: 29 | E17: 39 | F17: 38 | G17: 35
... A21: Indeterminate Emergency | B21: Not returned | C21: 9 | D21: 12 | E21: 3 | F21: 8 | G21: 10

Sheet Table 7
A1: Table 7: Time series: number of offenders not returned to custody after licence recall, by sex, sentence and supervising body, England and Wales [note 2] [note 6]
A2: This worksheet contains one table.
A3: Link to Contents tab
A4: Source: Public Protection Unit Database (PPUD)
A5: Sex | B5: Sentence type | C5: Supervising body | D5: Recalled between 1984 and 31 Mar 2023 not returned by 30 Jun 2023 | E5: Recalled between 1984 and 30 Jun 2023 not returned by 30 Sep 2023 | F5: Recalled between 1984 and 30 Sep 2023 not returned by 31 Dec 2023 | G5: Recalled between 1984 and 31 Dec 2023 not returned by 31 Mar 2024 | H5: Recalled between 1984 and 31 Mar 2024 not returned by 30 Jun 2024
A6: Male and female | B6: All sentence types | C6: All supervising bodies | D6: 2284 | E6: 2317 | F6: 2376 | G6: 2416 | H6: 2507
A7: Male and female | B7: All sentence types | C7: National probation | D7: 1674 | E7: 1715 | F7: 1778 | G7: 1824 | H7: 1918
A8: Male and female | B8: All sentence types | C8: Probation trust | D8: 606 | E8: 602 | F8: 598 | G8: 592 | H8: 589
A9: Male and female | B9: All sentence types | C9: Community rehabilitation companies | D9: 4 | E9: 0 | F9: 0 | G9: 0 | H9: 0
A10: Male and female | B10: Determinate less than 12 months | C10: All supervising bodies | D10: 561 | E10: 557 | F10: 599 | G10: 613 | H10: 628
A11: Male and female | B11: Determinate less than 12 months | C11: National probation | D11: 558 | E11: 557 | F11: 599 | G11: 613 | H11: 628
A12: Male and female | B12: Determinate less than 12 months | C12: Probation trust | D12: 0 | E12: 0 | F12: 0 | G12: 0 | H12: 0
A13: Male and female | B13: Determinate less than 12 months | C13: Community rehabilitation companies | D13: 3 | E13: 0 | F13: 0 | G13: 0 | H13: 0
A14: Male and female | B14: Determinate 12 months or more | C14: All supervising bodies | D14: 1643 | E14: 1675 | F14: 1697 | G14: 1719 | H14: 1794
A15: Male and female | B15: Determinate 12 months or more | C15: National probation | D15: 1049 | E15: 1086 | F15: 1112 | G15: 1140 | H15: 1218
A16: Male and female | B16: Determinate 12 months or more | C16: Probation trust | D16: 593 | E16: 589 | F16: 585 | G16: 579 | H16: 576
A17: Male and female | B17: Determinate 12 months or more | C17: Community rehabilitation companies | D17: 1 | E17: 0 | F17: 0 | G17: 0 | H17: 0
... A65: Female | B65: Life sentence | C65: Community rehabilitation companies | D65: 0 | E65: 0 | F65: 0 | G65: 0 | H65: 0

Sheet Table 8
A1: Table 8: Time series: number of offenders not returned to custody after licence recall, by supervising body and length of time since recall, England and Wales [note 2]
A2: This worksheet contains one table.
A3: Link to Contents tab
A4: Source: Public Protection Unit Database (PPUD)
A5: Supervising body | B5: Time since recall | C5: Recalled between 1984 and 31 Mar 2023 not returned by 30 Jun 2023 | D5: Recalled between 1984 and 30 Jun 2023 not returned by 30 Sep 2023 | E5: Recalled between 1984 and 30 Sep 2023 not returned by 31 Dec 2023 | F5: Recalled between 1984 and 31 Dec 2023 not returned by 31 Mar 2024 | G5: Recalled between 1984 and 31 Mar 2024 not returned by 30 Jun 2024
A6: All supervising bodies | B6: All not returned | C6: 2284 | D6: 2317 | E6: 2376 | F6: 2416 | G6: 2507
A7: All supervising bodies | B7: Up to and including 6 months | C7: 275 | D7: 262 | E7: 284 | F7: 282 | G7: 314
A8: All supervising bodies | B8: From 6 months up to and including 12 months | C8: 262 | D8: 279 | E8: 283 | F8: 282 | G8: 295
A9: All supervising bodies | B9: From 12 months up to and including 2 years | C9: 269 | D9: 281 | E9: 288 | F9: 314 | G9: 333
A10: All supervising bodies | B10: From 2 years up to and including 5 years | C10: 489 | D10: 488 | E10: 488 | F10: 492 | G10: 502
A11: All supervising bodies | B11: More than 5 years | C11: 989 | D11: 1007 | E11: 1033 | F11: 1046 | G11: 1063
A12: National probation | B12: All not returned | C12: 1674 | D12: 1715 | E12: 1778 | F12: 1824 | G12: 1918
A13: National probation | B13: Up to and including 6 months | C13: 275 | D13: 262 | E13: 284 | F13: 282 | G13: 314
A14: National probation | B14: From 6 months up to and including 12 months | C14: 262 | D14: 279 | E14: 283 | F14: 282 | G14: 295
A15: National probation | B15: From 12 months up to and including 2 years | C15: 269 | D15: 281 | E15: 288 | F15: 314 | G15: 333
A16: National probation | B16: From 2 years up to and including 5 years | C16: 487 | D16: 488 | E16: 488 | F16: 492 | G16: 502
A17: National probation | B17: More than 5 years | C17: 381 | D17: 405 | E17: 435 | F17: 454 | G17: 474
... A29: Community rehabilitation companies | B29: More than 5 years | C29: 2 | D29: 0 | E29: 0 | F29: 0 | G29: 0

Sheet Table 9
A1: Table 9: number of offenders not returned to custody after licence recall, by offence, England and Wales [note 7]
A2: This worksheet contains one table.
A3: Link to Contents tab
A4: Source: Public Protection Unit Database (PPUD)
A5: Offence group | B5: Offence subgroup | C5: Recalled between 1984 and 31 Mar 2023 not returned by 30 Jun 2023 | D5: Recalled between 1984 and 30 Jun 2023 not returned by 30 Sep 2023 | E5: Recalled between 1984 and 30 Sep 2023 not returned by 31 Dec 2023 | F5: Recalled between 1984 and 31 Dec 2023 not returned by 31 Mar 2024 | G5: Recalled between 1984 and 31 Mar 2024 not returned by 30 Jun 2024
A6: All offences | B6: All offences | C6: 2284 | D6: 2317 | E6: 2376 | F6: 2416 | G6: 2507
A7: Violence against the person | B7: All offences | C7: 355 | D7: 338 | E7: 353 | F7: 362 | G7: 360
A8: Violence against the person | B8: Homicide | C8: 33 | D8: 33 | E8: 34 | F8: 35 | G8: 34
A9: Violence against the person | B9: Death or serious injury caused by illegal driving | C9: 5 | D9: 6 | E9: 8 | F9: 6 | G9: 6
A10: Violence against the person | B10: Stalking and harassment | C10: 43 | D10: 36 | E10: 42 | F10: 42 | G10: 44
A11: Violence against the person | B11: Violence with injury | C11: 183 | D11: 176 | E11: 179 | F11: 188 | G11: 188
A12: Violence against the person | B12: Violence without injury | C12: 91 | D12: 87 | E12: 90 | F12: 91 | G12: 88
A13: Sexual offences | B13: All offences | C13: 73 | D13: 76 | E13: 75 | F13: 73 | G13: 74
A14: Sexual offences | B14: Rape | C14: 23 | D14: 23 | E14: 24 | F14: 26 | G14: 25
A15: Sexual offences | B15: Other sexual offences | C15: 50 | D15: 53 | E15: 51 | F15: 47 | G15: 49
A16: Robbery | B16: All offences | C16: 176 | D16: 174 | E16: 175 | F16: 172 | G16: 174
A17: Theft offences | B17: All offences | C17: 472 | D17: 465 | E17: 471 | F17: 484 | G17: 486
... A25: Offence not recorded | B25: All offences | C25: 1 | D25: 1 | E25: 1 | F25: 0 | G25: 0

Sheet Table 10
A1: Table 10: Time series: number of recalls, by sex, sentence and reason for recall, England and Wales [note 8][note 9][note 10]
A2: This worksheet contains one table.
A3: Link to Contents tab
A4: Source: Public Protection Unit Database (PPUD)
A5: Sex | B5: Sentence type | C5: Recall reason | D5: Jan to Mar 2023 | E5: Apr to Jun 2023 | F5: Jul to Sep 2023 | G5: Oct to Dec 2023 | H5: Jan to Mar 2024
A6: Male and female | B6: All sentence types | C6: Facing further charge | D6: 1977 | E6: 1883 | F6: 1815 | G6: 1835 | H6: 1942
A7: Male and female | B7: All sentence types | C7: Non-compliance | D7: 5047 | E7: 5038 | F7: 5376 | G7: 5495 | H7: 5808
A8: Male and female | B8: All sentence types | C8: Failed to keep in touch | D8: 2140 | E8: 2110 | F8: 2286 | G8: 2428 | H8: 2426
A9: Male and female | B9: All sentence types | C9: Failed to reside | D9: 1792 | E9: 1810 | F9: 1920 | G9: 1836 | H9: 1862
A10: Male and female | B10: All sentence types | C10: Drugs/alcohol | D10: 437 | E10: 489 | F10: 577 | G10: 481 | H10: 461
A11: Male and female | B11: All sentence types | C11: Poor Behaviour - Relationships | D11: 214 | E11: 212 | F11: 224 | G11: 198 | H11: 195
A12: Male and female | B12: All sentence types | C12: HDC - Time violation | D12: 131 | E12: 171 | F12: 151 | G12: 158 | H12: 190
A13: Male and female | B13: All sentence types | C13: HDC - Inability to monitor | D13: 75 | E13: 71 | F13: 81 | G13: 84 | H13: 82
A14: Male and female | B14: All sentence types | C14: Failed home visit | D14: 78 | E14: 73 | F14: 86 | G14: 99 | H14: 77
A15: Male and female | B15: All sentence types | C15: HDC - Failed installation | D15: 29 | E15: 30 | F15: 51 | G15: 66 | H15: 59
A16: Male and female | B16: All sentence types | C16: HDC - Equipment Tamper | D16: 2 | E16: 15 | F16: 11 | G16: 12 | H16: 10
A17: Male and female | B17: All sentence types | C17: Other | D17: 1299 | E17: 1304 | F17: 1296 | G17: 1333 | H17: 1467
... A89: Female | B89: All sentence types | C89: Other | D89: 72 | E89: 56 | F89: 80 | G89: 90 | H89: 82

Sheet Table 11
A1: Table 11: number of recall re-releases and mean time recalled (indeterminate-sentence offenders),England and Wales
A2: This worksheet contains one table.
A3: Link to Contents tab
A4: Source: Public Protection Unit Database (PPUD)
A5: Sentence type | B5: Statistic | C5: Jan to Mar 2023 | D5: Apr to Jun 2023 | E5: Jul to Sep 2023 | F5: Oct to Dec 2023 | G5: Jan to Mar 2024
A6: IPP | B6: Number of releases | C6: 95 | D6: 107 | E6: 100 | F6: 146 | G6: 135
A7: IPP | B7: Average time recalled (months) | C7: 26 | D7: 27 | E7: 28 | F7: 27 | G7: 28
A8: Life sentence | B8: Number of releases | C8: 55 | D8: 55 | E8: 50 | F8: 58 | G8: 86
A9: Life sentence | B9: Average time recalled (months) | C9: 30 | D9: 32 | E9: 29 | F9: 23 | G9: 25

Sheet Table 12
A1: Table 12: number of recalls, by sex, sentence, supervising body and ethnicity, England and Wales [note 2]
A2: This worksheet contains one table.
A3: Link to Contents tab
A4: Source: Public Protection Unit Database (PPUD)
A5: Sex | B5: Sentence type | C5: Ethnicity | D5: Jan to Mar 2023 | E5: Apr to Jun 2023 | F5: Jul to Sep 2023 | G5: Oct to Dec 2023 | H5: Jan to Mar 2024
A6: Male and female | B6: All sentence types | C6: All ethnicities | D6: 6824 | E6: 6814 | F6: 7030 | G6: 7152 | H6: 7415
A7: Male and female | B7: All sentence types | C7: Asian or Asian British | D7: 310 | E7: 299 | F7: 311 | G7: 329 | H7: 352
A8: Male and female | B8: All sentence types | C8: Black or Black British | D8: 568 | E8: 536 | F8: 554 | G8: 547 | H8: 590
A9: Male and female | B9: All sentence types | C9: Mixed | D9: 280 | E9: 255 | F9: 278 | G9: 283 | H9: 251
A10: Male and female | B10: All sentence types | C10: White | D10: 5588 | E10: 5652 | F10: 5821 | G10: 5902 | H10: 6133
A11: Male and female | B11: All sentence types | C11: Other ethnic group | D11: 72 | E11: 62 | F11: 59 | G11: 83 | H11: 78
A12: Male and female | B12: All sentence types | C12: Not stated | D12: 6 | E12: 10 | F12: 7 | G12: 8 | H12: 11
A13: Male and female | B13: Determinate less than 12 months | C13: All ethnicities | D13: 2691 | E13: 2733 | F13: 2881 | G13: 3025 | H13: 3218
A14: Male and female | B14: Determinate less than 12 months | C14: Asian or Asian British | D14: 102 | E14: 89 | F14: 104 | G14: 118 | H14: 127
A15: Male and female | B15: Determinate less than 12 months | C15: Black or Black British | D15: 142 | E15: 159 | F15: 161 | G15: 166 | H15: 167
A16: Male and female | B16: Determinate less than 12 months | C16: Mixed | D16: 88 | E16: 76 | F16: 85 | G16: 92 | H16: 79
A17: Male and female | B17: Determinate less than 12 months | C17: White | D17: 2318 | E17: 2375 | F17: 2506 | G17: 2603 | H17: 2800
... A54: Female | B54: All sentence types | C54: Not stated | D54: 0 | E54: 0 | F54: 0 | G54: 1 | H54: 1
